Day,Hour,Building,Base_Popularity
Monday,0,Grainger Library,6.983774394136568e-05
Monday,1,Grainger Library,0.00022811458697370807
Monday,2,Grainger Library,0.0006866940791966235
Monday,3,Grainger Library,0.0019051138636969713
Monday,4,Grainger Library,0.004871087840225068
Monday,5,Grainger Library,0.011478321221177139
Monday,6,Grainger Library,0.02492746852829704
Monday,7,Grainger Library,0.04989136293050038
Monday,8,Grainger Library,0.09202799260089664
Monday,9,Grainger Library,0.1564450833157902
Monday,10,Grainger Library,0.2451044962465183
Monday,11,Grainger Library,0.35390608229407744
Monday,12,Grainger Library,0.4709471404595345
Monday,13,Grainger Library,0.5775687552664525
Monday,14,Grainger Library,0.6528037000741249
Monday,15,Grainger Library,0.68
Monday,16,Grainger Library,0.6528037000741249
Monday,17,Grainger Library,0.5775687552664525
Monday,18,Grainger Library,0.4709471404595345
Monday,19,Grainger Library,0.35390608229407744
Monday,20,Grainger Library,0.2451044962465183
Monday,21,Grainger Library,0.1564450833157902
Monday,22,Grainger Library,0.09202799260089664
Monday,23,Grainger Library,0.04989136293050038
Tuesday,0,Grainger Library,6.983774394136568e-05
Tuesday,1,Grainger Library,0.00022811458697370807
Tuesday,2,Grainger Library,0.0006866940791966235
Tuesday,3,Grainger Library,0.0019051138636969713
Tuesday,4,Grainger Library,0.004871087840225068
Tuesday,5,Grainger Library,0.011478321221177139
Tuesday,6,Grainger Library,0.02492746852829704
Tuesday,7,Grainger Library,0.04989136293050038
Tuesday,8,Grainger Library,0.09202799260089664
Tuesday,9,Grainger Library,0.1564450833157902
Tuesday,10,Grainger Library,0.2451044962465183
Tuesday,11,Grainger Library,0.35390608229407744
Tuesday,12,Grainger Library,0.4709471404595345
Tuesday,13,Grainger Library,0.5775687552664525
Tuesday,14,Grainger Library,0.6528037000741249
Tuesday,15,Grainger Library,0.68
Tuesday,16,Grainger Library,0.6528037000741249
Tuesday,17,Grainger Library,0.5775687552664525
Tuesday,18,Grainger Library,0.4709471404595345
Tuesday,19,Grainger Library,0.35390608229407744
Tuesday,20,Grainger Library,0.2451044962465183
Tuesday,21,Grainger Library,0.1564450833157902
Tuesday,22,Grainger Library,0.09202799260089664
Tuesday,23,Grainger Library,0.04989136293050038
Wednesday,0,Grainger Library,8.216205169572432e-05
Wednesday,1,Grainger Library,0.0002683701023220095
Wednesday,2,Grainger Library,0.0008078753872901453
Wednesday,3,Grainger Library,0.0022413104278787895
Wednesday,4,Grainger Library,0.005730691576735374
Wednesday,5,Grainger Library,0.013503907319031928
Wednesday,6,Grainger Library,0.029326433562702398
Wednesday,7,Grainger Library,0.058695721094706325
Wednesday,8,Grainger Library,0.10826822658929017
Wednesday,9,Grainger Library,0.1840530391950473
Wednesday,10,Grainger Library,0.2883582308782568
Wednesday,11,Grainger Library,0.4163600968165617
Wednesday,12,Grainger Library,0.5540554593641582
Wednesday,13,Grainger Library,0.67949265325465
Wednesday,14,Grainger Library,0.7680043530283822
Wednesday,15,Grainger Library,0.8
Wednesday,16,Grainger Library,0.7680043530283822
Wednesday,17,Grainger Library,0.67949265325465
Wednesday,18,Grainger Library,0.5540554593641582
Wednesday,19,Grainger Library,0.4163600968165617
Wednesday,20,Grainger Library,0.2883582308782568
Wednesday,21,Grainger Library,0.1840530391950473
Wednesday,22,Grainger Library,0.10826822658929017
Wednesday,23,Grainger Library,0.058695721094706325
Thursday,0,Grainger Library,8.216205169572432e-05
Thursday,1,Grainger Library,0.0002683701023220095
Thursday,2,Grainger Library,0.0008078753872901453
Thursday,3,Grainger Library,0.0022413104278787895
Thursday,4,Grainger Library,0.005730691576735374
Thursday,5,Grainger Library,0.013503907319031928
Thursday,6,Grainger Library,0.029326433562702398
Thursday,7,Grainger Library,0.058695721094706325
Thursday,8,Grainger Library,0.10826822658929017
Thursday,9,Grainger Library,0.1840530391950473
Thursday,10,Grainger Library,0.2883582308782568
Thursday,11,Grainger Library,0.4163600968165617
Thursday,12,Grainger Library,0.5540554593641582
Thursday,13,Grainger Library,0.67949265325465
Thursday,14,Grainger Library,0.7680043530283822
Thursday,15,Grainger Library,0.8
Thursday,16,Grainger Library,0.7680043530283822
Thursday,17,Grainger Library,0.67949265325465
Thursday,18,Grainger Library,0.5540554593641582
Thursday,19,Grainger Library,0.4163600968165617
Thursday,20,Grainger Library,0.2883582308782568
Thursday,21,Grainger Library,0.1840530391950473
Thursday,22,Grainger Library,0.10826822658929017
Thursday,23,Grainger Library,0.058695721094706325
Friday,0,Grainger Library,8.216205169572432e-05
Friday,1,Grainger Library,0.0002683701023220095
Friday,2,Grainger Library,0.0008078753872901453
Friday,3,Grainger Library,0.0022413104278787895
Friday,4,Grainger Library,0.005730691576735374
Friday,5,Grainger Library,0.013503907319031928
Friday,6,Grainger Library,0.029326433562702398
Friday,7,Grainger Library,0.058695721094706325
Friday,8,Grainger Library,0.10826822658929017
Friday,9,Grainger Library,0.1840530391950473
Friday,10,Grainger Library,0.2883582308782568
Friday,11,Grainger Library,0.4163600968165617
Friday,12,Grainger Library,0.5540554593641582
Friday,13,Grainger Library,0.67949265325465
Friday,14,Grainger Library,0.7680043530283822
Friday,15,Grainger Library,0.8
Friday,16,Grainger Library,0.7680043530283822
Friday,17,Grainger Library,0.67949265325465
Friday,18,Grainger Library,0.5540554593641582
Friday,19,Grainger Library,0.4163600968165617
Friday,20,Grainger Library,0.2883582308782568
Friday,21,Grainger Library,0.1840530391950473
Friday,22,Grainger Library,0.10826822658929017
Friday,23,Grainger Library,0.058695721094706325
Saturday,0,Grainger Library,0.0
Saturday,1,Grainger Library,0.0
Saturday,2,Grainger Library,0.0
Saturday,3,Grainger Library,0.0
Saturday,4,Grainger Library,0.0
Saturday,5,Grainger Library,0.0
Saturday,6,Grainger Library,0.0
Saturday,7,Grainger Library,0.0
Saturday,8,Grainger Library,0.0
Saturday,9,Grainger Library,0.0
Saturday,10,Grainger Library,0.14706269774791098
Saturday,11,Grainger Library,0.21234364937644648
Saturday,12,Grainger Library,0.2825682842757207
Saturday,13,Grainger Library,0.3465412531598715
Saturday,14,Grainger Library,0.39168222004447495
Saturday,15,Grainger Library,0.40800000000000003
Saturday,16,Grainger Library,0.39168222004447495
Saturday,17,Grainger Library,0.3465412531598715
Saturday,18,Grainger Library,0.2825682842757207
Saturday,19,Grainger Library,0.21234364937644648
Saturday,20,Grainger Library,0.14706269774791098
Saturday,21,Grainger Library,0.09386704998947412
Saturday,22,Grainger Library,0.05521679556053798
Saturday,23,Grainger Library,0.029934817758300227
Sunday,0,Grainger Library,0.0
Sunday,1,Grainger Library,0.0
Sunday,2,Grainger Library,0.0
Sunday,3,Grainger Library,0.0
Sunday,4,Grainger Library,0.0
Sunday,5,Grainger Library,0.0
Sunday,6,Grainger Library,0.0
Sunday,7,Grainger Library,0.0
Sunday,8,Grainger Library,0.0
Sunday,9,Grainger Library,0.0
Sunday,10,Grainger Library,0.14706269774791098
Sunday,11,Grainger Library,0.21234364937644648
Sunday,12,Grainger Library,0.2825682842757207
Sunday,13,Grainger Library,0.3465412531598715
Sunday,14,Grainger Library,0.39168222004447495
Sunday,15,Grainger Library,0.40800000000000003
Sunday,16,Grainger Library,0.39168222004447495
Sunday,17,Grainger Library,0.3465412531598715
Sunday,18,Grainger Library,0.2825682842757207
Sunday,19,Grainger Library,0.21234364937644648
Sunday,20,Grainger Library,0.14706269774791098
Sunday,21,Grainger Library,0.09386704998947412
Sunday,22,Grainger Library,0.05521679556053798
Sunday,23,Grainger Library,0.029934817758300227
Monday,0,Funk Library,6.273626042229575e-05
Monday,1,Funk Library,0.0002515969709268839
Monday,2,Funk Library,0.0
Monday,3,Funk Library,0.0
Monday,4,Funk Library,0.0
Monday,5,Funk Library,0.0
Monday,6,Funk Library,0.0
Monday,7,Funk Library,0.0
Monday,8,Funk Library,0.18701415658297213
Monday,9,Funk Library,0.3083342178803906
Monday,10,Funk Library,0.45489799478447507
Monday,11,Funk Library,0.600553052187606
Monday,12,Funk Library,0.7094696016800741
Monday,13,Funk Library,0.75
Monday,14,Funk Library,0.7094696016800741
Monday,15,Funk Library,0.600553052187606
Monday,16,Funk Library,0.45489799478447507
Monday,17,Funk Library,0.3083342178803906
Monday,18,Funk Library,0.18701415658297213
Monday,19,Funk Library,0.10150146242745953
Monday,20,Funk Library,0.049296396462397835
Monday,21,Funk Library,0.021424125588412783
Monday,22,Funk Library,0.008331747403681729
Monday,23,Funk Library,0.0028994401046046033
Tuesday,0,Funk Library,1.3998351835140402e-05
Tuesday,1,Funk Library,6.273626042229575e-05
Tuesday,2,Funk Library,0.0
Tuesday,3,Funk Library,0.0
Tuesday,4,Funk Library,0.0
Tuesday,5,Funk Library,0.0
Tuesday,6,Funk Library,0.0
Tuesday,7,Funk Library,0.0
Tuesday,8,Funk Library,0.10150146242745953
Tuesday,9,Funk Library,0.18701415658297213
Tuesday,10,Funk Library,0.3083342178803906
Tuesday,11,Funk Library,0.45489799478447507
Tuesday,12,Funk Library,0.600553052187606
Tuesday,13,Funk Library,0.7094696016800741
Tuesday,14,Funk Library,0.75
Tuesday,15,Funk Library,0.7094696016800741
Tuesday,16,Funk Library,0.600553052187606
Tuesday,17,Funk Library,0.45489799478447507
Tuesday,18,Funk Library,0.3083342178803906
Tuesday,19,Funk Library,0.18701415658297213
Tuesday,20,Funk Library,0.10150146242745953
Tuesday,21,Funk Library,0.049296396462397835
Tuesday,22,Funk Library,0.021424125588412783
Tuesday,23,Funk Library,0.008331747403681729
Wednesday,0,Funk Library,6.273626042229575e-05
Wednesday,1,Funk Library,0.0002515969709268839
Wednesday,2,Funk Library,0.0
Wednesday,3,Funk Library,0.0
Wednesday,4,Funk Library,0.0
Wednesday,5,Funk Library,0.0
Wednesday,6,Funk Library,0.0
Wednesday,7,Funk Library,0.0
Wednesday,8,Funk Library,0.18701415658297213
Wednesday,9,Funk Library,0.3083342178803906
Wednesday,10,Funk Library,0.45489799478447507
Wednesday,11,Funk Library,0.600553052187606
Wednesday,12,Funk Library,0.7094696016800741
Wednesday,13,Funk Library,0.75
Wednesday,14,Funk Library,0.7094696016800741
Wednesday,15,Funk Library,0.600553052187606
Wednesday,16,Funk Library,0.45489799478447507
Wednesday,17,Funk Library,0.3083342178803906
Wednesday,18,Funk Library,0.18701415658297213
Wednesday,19,Funk Library,0.10150146242745953
Wednesday,20,Funk Library,0.049296396462397835
Wednesday,21,Funk Library,0.021424125588412783
Wednesday,22,Funk Library,0.008331747403681729
Wednesday,23,Funk Library,0.0028994401046046033
Thursday,0,Funk Library,1.3998351835140402e-05
Thursday,1,Funk Library,6.273626042229575e-05
Thursday,2,Funk Library,0.0
Thursday,3,Funk Library,0.0
Thursday,4,Funk Library,0.0
Thursday,5,Funk Library,0.0
Thursday,6,Funk Library,0.0
Thursday,7,Funk Library,0.0
Thursday,8,Funk Library,0.10150146242745953
Thursday,9,Funk Library,0.18701415658297213
Thursday,10,Funk Library,0.3083342178803906
Thursday,11,Funk Library,0.45489799478447507
Thursday,12,Funk Library,0.600553052187606
Thursday,13,Funk Library,0.7094696016800741
Thursday,14,Funk Library,0.75
Thursday,15,Funk Library,0.7094696016800741
Thursday,16,Funk Library,0.600553052187606
Thursday,17,Funk Library,0.45489799478447507
Thursday,18,Funk Library,0.3083342178803906
Thursday,19,Funk Library,0.18701415658297213
Thursday,20,Funk Library,0.10150146242745953
Thursday,21,Funk Library,0.049296396462397835
Thursday,22,Funk Library,0.021424125588412783
Thursday,23,Funk Library,0.008331747403681729
Friday,0,Funk Library,0.0002515969709268839
Friday,1,Funk Library,0.000902894996121153
Friday,2,Funk Library,0.0
Friday,3,Funk Library,0.0
Friday,4,Funk Library,0.0
Friday,5,Funk Library,0.0
Friday,6,Funk Library,0.0
Friday,7,Funk Library,0.0
Friday,8,Funk Library,0.3083342178803906
Friday,9,Funk Library,0.45489799478447507
Friday,10,Funk Library,0.600553052187606
Friday,11,Funk Library,0.7094696016800741
Friday,12,Funk Library,0.75
Friday,13,Funk Library,0.7094696016800741
Friday,14,Funk Library,0.600553052187606
Friday,15,Funk Library,0.45489799478447507
Friday,16,Funk Library,0.3083342178803906
Friday,17,Funk Library,0.18701415658297213
Friday,18,Funk Library,0.0
Friday,19,Funk Library,0.0
Friday,20,Funk Library,0.0
Friday,21,Funk Library,0.0
Friday,22,Funk Library,0.0
Friday,23,Funk Library,0.0
Saturday,0,Funk Library,0.0
Saturday,1,Funk Library,0.0
Saturday,2,Funk Library,0.0
Saturday,3,Funk Library,0.0
Saturday,4,Funk Library,0.0
Saturday,5,Funk Library,0.0
Saturday,6,Funk Library,0.0
Saturday,7,Funk Library,0.0
Saturday,8,Funk Library,0.0
Saturday,9,Funk Library,0.0
Saturday,10,Funk Library,0.12333368715215623
Saturday,11,Funk Library,0.18195919791379003
Saturday,12,Funk Library,0.2402212208750424
Saturday,13,Funk Library,0.2837878406720296
Saturday,14,Funk Library,0.3
Saturday,15,Funk Library,0.2837878406720296
Saturday,16,Funk Library,0.2402212208750424
Saturday,17,Funk Library,0.18195919791379003
Saturday,18,Funk Library,0.12333368715215623
Saturday,19,Funk Library,0.07480566263318884
Saturday,20,Funk Library,0.04060058497098381
Saturday,21,Funk Library,0.0
Saturday,22,Funk Library,0.0
Saturday,23,Funk Library,0.0
Sunday,0,Funk Library,0.0
Sunday,1,Funk Library,0.0
Sunday,2,Funk Library,0.0
Sunday,3,Funk Library,0.0
Sunday,4,Funk Library,0.0
Sunday,5,Funk Library,0.0
Sunday,6,Funk Library,0.0
Sunday,7,Funk Library,0.0
Sunday,8,Funk Library,0.0
Sunday,9,Funk Library,0.0
Sunday,10,Funk Library,0.0
Sunday,11,Funk Library,0.0
Sunday,12,Funk Library,0.0
Sunday,13,Funk Library,0.2837878406720296
Sunday,14,Funk Library,0.3
Sunday,15,Funk Library,0.2837878406720296
Sunday,16,Funk Library,0.2402212208750424
Sunday,17,Funk Library,0.18195919791379003
Sunday,18,Funk Library,0.12333368715215623
Sunday,19,Funk Library,0.07480566263318884
Sunday,20,Funk Library,0.04060058497098381
Sunday,21,Funk Library,0.019718558584959134
Sunday,22,Funk Library,0.008569650235365113
Sunday,23,Funk Library,0.0033326989614726917
Monday,0,Main Library,0.0
Monday,1,Main Library,0.0
Monday,2,Main Library,0.0
Monday,3,Main Library,0.0
Monday,4,Main Library,0.0
Monday,5,Main Library,0.0
Monday,6,Main Library,0.0
Monday,7,Main Library,0.0
Monday,8,Main Library,0.17254972424535683
Monday,9,Main Library,0.27033584144836575
Monday,10,Main Library,0.39033759076552654
Monday,11,Main Library,0.5194269931538984
Monday,12,Main Library,0.6370243624262344
Monday,13,Main Library,0.7200040809641083
Monday,14,Main Library,0.75
Monday,15,Main Library,0.7200040809641083
Monday,16,Main Library,0.6370243624262344
Monday,17,Main Library,0.5194269931538984
Monday,18,Main Library,0.39033759076552654
Monday,19,Main Library,0.27033584144836575
Monday,20,Main Library,0.17254972424535683
Monday,21,Main Library,0.10150146242745953
Monday,22,Main Library,0.05502723852628717
Monday,23,Main Library,0.0
Tuesday,0,Main Library,0.0
Tuesday,1,Main Library,0.0
Tuesday,2,Main Library,0.0
Tuesday,3,Main Library,0.0
Tuesday,4,Main Library,0.0
Tuesday,5,Main Library,0.0
Tuesday,6,Main Library,0.0
Tuesday,7,Main Library,0.0
Tuesday,8,Main Library,0.17254972424535683
Tuesday,9,Main Library,0.27033584144836575
Tuesday,10,Main Library,0.39033759076552654
Tuesday,11,Main Library,0.5194269931538984
Tuesday,12,Main Library,0.6370243624262344
Tuesday,13,Main Library,0.7200040809641083
Tuesday,14,Main Library,0.75
Tuesday,15,Main Library,0.7200040809641083
Tuesday,16,Main Library,0.6370243624262344
Tuesday,17,Main Library,0.5194269931538984
Tuesday,18,Main Library,0.39033759076552654
Tuesday,19,Main Library,0.27033584144836575
Tuesday,20,Main Library,0.17254972424535683
Tuesday,21,Main Library,0.10150146242745953
Tuesday,22,Main Library,0.05502723852628717
Tuesday,23,Main Library,0.0
Wednesday,0,Main Library,0.0
Wednesday,1,Main Library,0.0
Wednesday,2,Main Library,0.0
Wednesday,3,Main Library,0.0
Wednesday,4,Main Library,0.0
Wednesday,5,Main Library,0.0
Wednesday,6,Main Library,0.0
Wednesday,7,Main Library,0.0
Wednesday,8,Main Library,0.17254972424535683
Wednesday,9,Main Library,0.27033584144836575
Wednesday,10,Main Library,0.39033759076552654
Wednesday,11,Main Library,0.5194269931538984
Wednesday,12,Main Library,0.6370243624262344
Wednesday,13,Main Library,0.7200040809641083
Wednesday,14,Main Library,0.75
Wednesday,15,Main Library,0.7200040809641083
Wednesday,16,Main Library,0.6370243624262344
Wednesday,17,Main Library,0.5194269931538984
Wednesday,18,Main Library,0.39033759076552654
Wednesday,19,Main Library,0.27033584144836575
Wednesday,20,Main Library,0.17254972424535683
Wednesday,21,Main Library,0.10150146242745953
Wednesday,22,Main Library,0.05502723852628717
Wednesday,23,Main Library,0.0
Thursday,0,Main Library,0.0
Thursday,1,Main Library,0.0
Thursday,2,Main Library,0.0
Thursday,3,Main Library,0.0
Thursday,4,Main Library,0.0
Thursday,5,Main Library,0.0
Thursday,6,Main Library,0.0
Thursday,7,Main Library,0.0
Thursday,8,Main Library,0.17254972424535683
Thursday,9,Main Library,0.27033584144836575
Thursday,10,Main Library,0.39033759076552654
Thursday,11,Main Library,0.5194269931538984
Thursday,12,Main Library,0.6370243624262344
Thursday,13,Main Library,0.7200040809641083
Thursday,14,Main Library,0.75
Thursday,15,Main Library,0.7200040809641083
Thursday,16,Main Library,0.6370243624262344
Thursday,17,Main Library,0.5194269931538984
Thursday,18,Main Library,0.39033759076552654
Thursday,19,Main Library,0.27033584144836575
Thursday,20,Main Library,0.17254972424535683
Thursday,21,Main Library,0.10150146242745953
Thursday,22,Main Library,0.05502723852628717
Thursday,23,Main Library,0.0
Friday,0,Main Library,0.0
Friday,1,Main Library,0.0
Friday,2,Main Library,0.0
Friday,3,Main Library,0.0
Friday,4,Main Library,0.0
Friday,5,Main Library,0.0
Friday,6,Main Library,0.0
Friday,7,Main Library,0.0
Friday,8,Main Library,0.17254972424535683
Friday,9,Main Library,0.27033584144836575
Friday,10,Main Library,0.39033759076552654
Friday,11,Main Library,0.5194269931538984
Friday,12,Main Library,0.6370243624262344
Friday,13,Main Library,0.7200040809641083
Friday,14,Main Library,0.75
Friday,15,Main Library,0.7200040809641083
Friday,16,Main Library,0.6370243624262344
Friday,17,Main Library,0.5194269931538984
Friday,18,Main Library,0.0
Friday,19,Main Library,0.0
Friday,20,Main Library,0.0
Friday,21,Main Library,0.0
Friday,22,Main Library,0.0
Friday,23,Main Library,0.0
Saturday,0,Main Library,0.0
Saturday,1,Main Library,0.0
Saturday,2,Main Library,0.0
Saturday,3,Main Library,0.0
Saturday,4,Main Library,0.0
Saturday,5,Main Library,0.0
Saturday,6,Main Library,0.0
Saturday,7,Main Library,0.0
Saturday,8,Main Library,0.0
Saturday,9,Main Library,0.0
Saturday,10,Main Library,0.0
Saturday,11,Main Library,0.0
Saturday,12,Main Library,0.0
Saturday,13,Main Library,0.21600122428923246
Saturday,14,Main Library,0.22499999999999998
Saturday,15,Main Library,0.21600122428923246
Saturday,16,Main Library,0.1911073087278703
Saturday,17,Main Library,0.0
Saturday,18,Main Library,0.0
Saturday,19,Main Library,0.0
Saturday,20,Main Library,0.0
Saturday,21,Main Library,0.0
Saturday,22,Main Library,0.0
Saturday,23,Main Library,0.0
Sunday,0,Main Library,0.0
Sunday,1,Main Library,0.0
Sunday,2,Main Library,0.0
Sunday,3,Main Library,0.0
Sunday,4,Main Library,0.0
Sunday,5,Main Library,0.0
Sunday,6,Main Library,0.0
Sunday,7,Main Library,0.0
Sunday,8,Main Library,0.0
Sunday,9,Main Library,0.0
Sunday,10,Main Library,0.0
Sunday,11,Main Library,0.0
Sunday,12,Main Library,0.0
Sunday,13,Main Library,0.21600122428923246
Sunday,14,Main Library,0.22499999999999998
Sunday,15,Main Library,0.21600122428923246
Sunday,16,Main Library,0.1911073087278703
Sunday,17,Main Library,0.15582809794616947
Sunday,18,Main Library,0.11710127722965796
Sunday,19,Main Library,0.08110075243450972
Sunday,20,Main Library,0.05176491727360705
Sunday,21,Main Library,0.030450438728237855
Sunday,22,Main Library,0.016508171557886153
Sunday,23,Main Library,0.0
Monday,0,Illini Union,0.0
Monday,1,Illini Union,0.0
Monday,2,Illini Union,0.0
Monday,3,Illini Union,0.0
Monday,4,Illini Union,0.0
Monday,5,Illini Union,0.0
Monday,6,Illini Union,0.0
Monday,7,Illini Union,0.032952700217555565
Monday,8,Illini Union,0.10150146242745953
Monday,9,Illini Union,0.2434893505187623
Monday,10,Illini Union,0.45489799478447507
Monday,11,Illini Union,0.6618726769384466
Monday,12,Illini Union,0.75
Monday,13,Illini Union,0.6618726769384466
Monday,14,Illini Union,0.45489799478447507
Monday,15,Illini Union,0.3942449288132117
Monday,16,Illini Union,0.5204793118959252
Monday,17,Illini Union,0.6148736547893975
Monday,18,Illini Union,0.65
Monday,19,Illini Union,0.6148736547893975
Monday,20,Illini Union,0.5204793118959252
Monday,21,Illini Union,0.3942449288132117
Monday,22,Illini Union,0.2672229888296718
Monday,23,Illini Union,0.0
Tuesday,0,Illini Union,0.0
Tuesday,1,Illini Union,0.0
Tuesday,2,Illini Union,0.0
Tuesday,3,Illini Union,0.0
Tuesday,4,Illini Union,0.0
Tuesday,5,Illini Union,0.0
Tuesday,6,Illini Union,0.0
Tuesday,7,Illini Union,0.032952700217555565
Tuesday,8,Illini Union,0.10150146242745953
Tuesday,9,Illini Union,0.2434893505187623
Tuesday,10,Illini Union,0.45489799478447507
Tuesday,11,Illini Union,0.6618726769384466
Tuesday,12,Illini Union,0.75
Tuesday,13,Illini Union,0.6618726769384466
Tuesday,14,Illini Union,0.45489799478447507
Tuesday,15,Illini Union,0.3942449288132117
Tuesday,16,Illini Union,0.5204793118959252
Tuesday,17,Illini Union,0.6148736547893975
Tuesday,18,Illini Union,0.65
Tuesday,19,Illini Union,0.6148736547893975
Tuesday,20,Illini Union,0.5204793118959252
Tuesday,21,Illini Union,0.3942449288132117
Tuesday,22,Illini Union,0.2672229888296718
Tuesday,23,Illini Union,0.0
Wednesday,0,Illini Union,0.0
Wednesday,1,Illini Union,0.0
Wednesday,2,Illini Union,0.0
Wednesday,3,Illini Union,0.0
Wednesday,4,Illini Union,0.0
Wednesday,5,Illini Union,0.0
Wednesday,6,Illini Union,0.0
Wednesday,7,Illini Union,0.032952700217555565
Wednesday,8,Illini Union,0.10150146242745953
Wednesday,9,Illini Union,0.2434893505187623
Wednesday,10,Illini Union,0.45489799478447507
Wednesday,11,Illini Union,0.6618726769384466
Wednesday,12,Illini Union,0.75
Wednesday,13,Illini Union,0.6618726769384466
Wednesday,14,Illini Union,0.45489799478447507
Wednesday,15,Illini Union,0.3942449288132117
Wednesday,16,Illini Union,0.5204793118959252
Wednesday,17,Illini Union,0.6148736547893975
Wednesday,18,Illini Union,0.65
Wednesday,19,Illini Union,0.6148736547893975
Wednesday,20,Illini Union,0.5204793118959252
Wednesday,21,Illini Union,0.3942449288132117
Wednesday,22,Illini Union,0.2672229888296718
Wednesday,23,Illini Union,0.0
Thursday,0,Illini Union,0.0
Thursday,1,Illini Union,0.0
Thursday,2,Illini Union,0.0
Thursday,3,Illini Union,0.0
Thursday,4,Illini Union,0.0
Thursday,5,Illini Union,0.0
Thursday,6,Illini Union,0.0
Thursday,7,Illini Union,0.032952700217555565
Thursday,8,Illini Union,0.10150146242745953
Thursday,9,Illini Union,0.2434893505187623
Thursday,10,Illini Union,0.45489799478447507
Thursday,11,Illini Union,0.6618726769384466
Thursday,12,Illini Union,0.75
Thursday,13,Illini Union,0.6618726769384466
Thursday,14,Illini Union,0.45489799478447507
Thursday,15,Illini Union,0.3942449288132117
Thursday,16,Illini Union,0.5204793118959252
Thursday,17,Illini Union,0.6148736547893975
Thursday,18,Illini Union,0.65
Thursday,19,Illini Union,0.6148736547893975
Thursday,20,Illini Union,0.5204793118959252
Thursday,21,Illini Union,0.3942449288132117
Thursday,22,Illini Union,0.2672229888296718
Thursday,23,Illini Union,0.0
Friday,0,Illini Union,0.0
Friday,1,Illini Union,0.0
Friday,2,Illini Union,0.0
Friday,3,Illini Union,0.0
Friday,4,Illini Union,0.0
Friday,5,Illini Union,0.0
Friday,6,Illini Union,0.0
Friday,7,Illini Union,0.032952700217555565
Friday,8,Illini Union,0.10150146242745953
Friday,9,Illini Union,0.2434893505187623
Friday,10,Illini Union,0.45489799478447507
Friday,11,Illini Union,0.6618726769384466
Friday,12,Illini Union,0.75
Friday,13,Illini Union,0.6618726769384466
Friday,14,Illini Union,0.45489799478447507
Friday,15,Illini Union,0.3942449288132117
Friday,16,Illini Union,0.5204793118959252
Friday,17,Illini Union,0.6148736547893975
Friday,18,Illini Union,0.65
Friday,19,Illini Union,0.6148736547893975
Friday,20,Illini Union,0.5204793118959252
Friday,21,Illini Union,0.3942449288132117
Friday,22,Illini Union,0.2672229888296718
Friday,23,Illini Union,0.0
Saturday,0,Illini Union,0.0
Saturday,1,Illini Union,0.0
Saturday,2,Illini Union,0.0
Saturday,3,Illini Union,0.0
Saturday,4,Illini Union,0.0
Saturday,5,Illini Union,0.0
Saturday,6,Illini Union,0.0
Saturday,7,Illini Union,0.019771620130533338
Saturday,8,Illini Union,0.06090087745647571
Saturday,9,Illini Union,0.14609361031125737
Saturday,10,Illini Union,0.272938796870685
Saturday,11,Illini Union,0.3971236061630679
Saturday,12,Illini Union,0.44999999999999996
Saturday,13,Illini Union,0.3971236061630679
Saturday,14,Illini Union,0.272938796870685
Saturday,15,Illini Union,0.23654695728792705
Saturday,16,Illini Union,0.31228758713755517
Saturday,17,Illini Union,0.36892419287363853
Saturday,18,Illini Union,0.39
Saturday,19,Illini Union,0.36892419287363853
Saturday,20,Illini Union,0.31228758713755517
Saturday,21,Illini Union,0.23654695728792705
Saturday,22,Illini Union,0.16033379329780312
Saturday,23,Illini Union,0.0
Sunday,0,Illini Union,0.0
Sunday,1,Illini Union,0.0
Sunday,2,Illini Union,0.0
Sunday,3,Illini Union,0.0
Sunday,4,Illini Union,0.0
Sunday,5,Illini Union,0.0
Sunday,6,Illini Union,0.0
Sunday,7,Illini Union,0.019771620130533338
Sunday,8,Illini Union,0.06090087745647571
Sunday,9,Illini Union,0.14609361031125737
Sunday,10,Illini Union,0.272938796870685
Sunday,11,Illini Union,0.3971236061630679
Sunday,12,Illini Union,0.44999999999999996
Sunday,13,Illini Union,0.3971236061630679
Sunday,14,Illini Union,0.272938796870685
Sunday,15,Illini Union,0.23654695728792705
Sunday,16,Illini Union,0.31228758713755517
Sunday,17,Illini Union,0.36892419287363853
Sunday,18,Illini Union,0.39
Sunday,19,Illini Union,0.36892419287363853
Sunday,20,Illini Union,0.31228758713755517
Sunday,21,Illini Union,0.23654695728792705
Sunday,22,Illini Union,0.16033379329780312
Sunday,23,Illini Union,0.0
Monday,0,CIF,0.0
Monday,1,CIF,0.0
Monday,2,CIF,0.0
Monday,3,CIF,0.0
Monday,4,CIF,0.0
Monday,5,CIF,0.0
Monday,6,CIF,0.0
Monday,7,CIF,0.04656527206846702
Monday,8,CIF,0.0858927930941702
Monday,9,CIF,0.14601541109473753
Monday,10,CIF,0.22876419649675042
Monday,11,CIF,0.3303123434744723
Monday,12,CIF,0.4395506644288989
Monday,13,CIF,0.5390641715820224
Monday,14,CIF,0.6092834534025166
Monday,15,CIF,0.6346666666666667
Monday,16,CIF,0.6092834534025166
Monday,17,CIF,0.5390641715820224
Monday,18,CIF,0.4395506644288989
Monday,19,CIF,0.3303123434744723
Monday,20,CIF,0.22876419649675042
Monday,21,CIF,0.14601541109473753
Monday,22,CIF,0.0858927930941702
Monday,23,CIF,0.0
Tuesday,0,CIF,0.0
Tuesday,1,CIF,0.0
Tuesday,2,CIF,0.0
Tuesday,3,CIF,0.0
Tuesday,4,CIF,0.0
Tuesday,5,CIF,0.0
Tuesday,6,CIF,0.0
Tuesday,7,CIF,0.04656527206846702
Tuesday,8,CIF,0.0858927930941702
Tuesday,9,CIF,0.14601541109473753
Tuesday,10,CIF,0.22876419649675042
Tuesday,11,CIF,0.3303123434744723
Tuesday,12,CIF,0.4395506644288989
Tuesday,13,CIF,0.5390641715820224
Tuesday,14,CIF,0.6092834534025166
Tuesday,15,CIF,0.6346666666666667
Tuesday,16,CIF,0.6092834534025166
Tuesday,17,CIF,0.5390641715820224
Tuesday,18,CIF,0.4395506644288989
Tuesday,19,CIF,0.3303123434744723
Tuesday,20,CIF,0.22876419649675042
Tuesday,21,CIF,0.14601541109473753
Tuesday,22,CIF,0.0858927930941702
Tuesday,23,CIF,0.0
Wednesday,0,CIF,0.0
Wednesday,1,CIF,0.0
Wednesday,2,CIF,0.0
Wednesday,3,CIF,0.0
Wednesday,4,CIF,0.0
Wednesday,5,CIF,0.0
Wednesday,6,CIF,0.0
Wednesday,7,CIF,0.0547826730217259
Wednesday,8,CIF,0.10105034481667083
Wednesday,9,CIF,0.17178283658204416
Wednesday,10,CIF,0.2691343488197063
Wednesday,11,CIF,0.38860275702879093
Wednesday,12,CIF,0.517118428739881
Wednesday,13,CIF,0.6341931430376734
Wednesday,14,CIF,0.7168040628264901
Wednesday,15,CIF,0.7466666666666667
Wednesday,16,CIF,0.7168040628264901
Wednesday,17,CIF,0.6341931430376734
Wednesday,18,CIF,0.517118428739881
Wednesday,19,CIF,0.38860275702879093
Wednesday,20,CIF,0.2691343488197063
Wednesday,21,CIF,0.17178283658204416
Wednesday,22,CIF,0.10105034481667083
Wednesday,23,CIF,0.0
Thursday,0,CIF,0.0
Thursday,1,CIF,0.0
Thursday,2,CIF,0.0
Thursday,3,CIF,0.0
Thursday,4,CIF,0.0
Thursday,5,CIF,0.0
Thursday,6,CIF,0.0
Thursday,7,CIF,0.0547826730217259
Thursday,8,CIF,0.10105034481667083
Thursday,9,CIF,0.17178283658204416
Thursday,10,CIF,0.2691343488197063
Thursday,11,CIF,0.38860275702879093
Thursday,12,CIF,0.517118428739881
Thursday,13,CIF,0.6341931430376734
Thursday,14,CIF,0.7168040628264901
Thursday,15,CIF,0.7466666666666667
Thursday,16,CIF,0.7168040628264901
Thursday,17,CIF,0.6341931430376734
Thursday,18,CIF,0.517118428739881
Thursday,19,CIF,0.38860275702879093
Thursday,20,CIF,0.2691343488197063
Thursday,21,CIF,0.17178283658204416
Thursday,22,CIF,0.10105034481667083
Thursday,23,CIF,0.0
Friday,0,CIF,0.0
Friday,1,CIF,0.0
Friday,2,CIF,0.0
Friday,3,CIF,0.0
Friday,4,CIF,0.0
Friday,5,CIF,0.0
Friday,6,CIF,0.0
Friday,7,CIF,0.0547826730217259
Friday,8,CIF,0.10105034481667083
Friday,9,CIF,0.17178283658204416
Friday,10,CIF,0.2691343488197063
Friday,11,CIF,0.38860275702879093
Friday,12,CIF,0.517118428739881
Friday,13,CIF,0.6341931430376734
Friday,14,CIF,0.7168040628264901
Friday,15,CIF,0.7466666666666667
Friday,16,CIF,0.7168040628264901
Friday,17,CIF,0.6341931430376734
Friday,18,CIF,0.517118428739881
Friday,19,CIF,0.38860275702879093
Friday,20,CIF,0.2691343488197063
Friday,21,CIF,0.0
Friday,22,CIF,0.0
Friday,23,CIF,0.0
Saturday,0,CIF,0.0
Saturday,1,CIF,0.0
Saturday,2,CIF,0.0
Saturday,3,CIF,0.0
Saturday,4,CIF,0.0
Saturday,5,CIF,0.0
Saturday,6,CIF,0.0
Saturday,7,CIF,0.0
Saturday,8,CIF,0.0
Saturday,9,CIF,0.08760924665684251
Saturday,10,CIF,0.13725851789805024
Saturday,11,CIF,0.19818740608468338
Saturday,12,CIF,0.2637303986573393
Saturday,13,CIF,0.3234385029492134
Saturday,14,CIF,0.36557007204151
Saturday,15,CIF,0.3808
Saturday,16,CIF,0.36557007204151
Saturday,17,CIF,0.3234385029492134
Saturday,18,CIF,0.2637303986573393
Saturday,19,CIF,0.19818740608468338
Saturday,20,CIF,0.13725851789805024
Saturday,21,CIF,0.0
Saturday,22,CIF,0.0
Saturday,23,CIF,0.0
Sunday,0,CIF,0.0
Sunday,1,CIF,0.0
Sunday,2,CIF,0.0
Sunday,3,CIF,0.0
Sunday,4,CIF,0.0
Sunday,5,CIF,0.0
Sunday,6,CIF,0.0
Sunday,7,CIF,0.0
Sunday,8,CIF,0.0
Sunday,9,CIF,0.0
Sunday,10,CIF,0.0
Sunday,11,CIF,0.0
Sunday,12,CIF,0.2637303986573393
Sunday,13,CIF,0.3234385029492134
Sunday,14,CIF,0.36557007204151
Sunday,15,CIF,0.3808
Sunday,16,CIF,0.36557007204151
Sunday,17,CIF,0.3234385029492134
Sunday,18,CIF,0.2637303986573393
Sunday,19,CIF,0.19818740608468338
Sunday,20,CIF,0.13725851789805024
Sunday,21,CIF,0.08760924665684251
Sunday,22,CIF,0.051535675856502115
Sunday,23,CIF,0.0
Monday,0,BIF,0.0
Monday,1,BIF,0.0
Monday,2,BIF,0.0
Monday,3,BIF,0.0
Monday,4,BIF,0.0
Monday,5,BIF,0.0
Monday,6,BIF,0.03851906696840102
Monday,7,BIF,0.07105102369922166
Monday,8,BIF,0.12078480697174977
Monday,9,BIF,0.18923508901385602
Monday,10,BIF,0.2732363135358686
Monday,11,BIF,0.36359889520772887
Monday,12,BIF,0.44591705369836404
Monday,13,BIF,0.5040028566748758
Monday,14,BIF,0.5249999999999999
Monday,15,BIF,0.5040028566748758
Monday,16,BIF,0.44591705369836404
Monday,17,BIF,0.36359889520772887
Monday,18,BIF,0.2732363135358686
Monday,19,BIF,0.18923508901385602
Monday,20,BIF,0.12078480697174977
Monday,21,BIF,0.07105102369922166
Monday,22,BIF,0.03851906696840102
Monday,23,BIF,0.019245472025523448
Tuesday,0,BIF,0.0
Tuesday,1,BIF,0.0
Tuesday,2,BIF,0.0
Tuesday,3,BIF,0.0
Tuesday,4,BIF,0.0
Tuesday,5,BIF,0.0
Tuesday,6,BIF,0.03851906696840102
Tuesday,7,BIF,0.07105102369922166
Tuesday,8,BIF,0.12078480697174977
Tuesday,9,BIF,0.18923508901385602
Tuesday,10,BIF,0.2732363135358686
Tuesday,11,BIF,0.36359889520772887
Tuesday,12,BIF,0.44591705369836404
Tuesday,13,BIF,0.5040028566748758
Tuesday,14,BIF,0.5249999999999999
Tuesday,15,BIF,0.5040028566748758
Tuesday,16,BIF,0.44591705369836404
Tuesday,17,BIF,0.36359889520772887
Tuesday,18,BIF,0.2732363135358686
Tuesday,19,BIF,0.18923508901385602
Tuesday,20,BIF,0.12078480697174977
Tuesday,21,BIF,0.07105102369922166
Tuesday,22,BIF,0.03851906696840102
Tuesday,23,BIF,0.019245472025523448
Wednesday,0,BIF,0.0
Wednesday,1,BIF,0.0
Wednesday,2,BIF,0.0
Wednesday,3,BIF,0.0
Wednesday,4,BIF,0.0
Wednesday,5,BIF,0.0
Wednesday,6,BIF,0.03851906696840102
Wednesday,7,BIF,0.07105102369922166
Wednesday,8,BIF,0.12078480697174977
Wednesday,9,BIF,0.18923508901385602
Wednesday,10,BIF,0.2732363135358686
Wednesday,11,BIF,0.36359889520772887
Wednesday,12,BIF,0.44591705369836404
Wednesday,13,BIF,0.5040028566748758
Wednesday,14,BIF,0.5249999999999999
Wednesday,15,BIF,0.5040028566748758
Wednesday,16,BIF,0.44591705369836404
Wednesday,17,BIF,0.36359889520772887
Wednesday,18,BIF,0.2732363135358686
Wednesday,19,BIF,0.18923508901385602
Wednesday,20,BIF,0.12078480697174977
Wednesday,21,BIF,0.07105102369922166
Wednesday,22,BIF,0.03851906696840102
Wednesday,23,BIF,0.019245472025523448
Thursday,0,BIF,0.0
Thursday,1,BIF,0.0
Thursday,2,BIF,0.0
Thursday,3,BIF,0.0
Thursday,4,BIF,0.0
Thursday,5,BIF,0.0
Thursday,6,BIF,0.03851906696840102
Thursday,7,BIF,0.07105102369922166
Thursday,8,BIF,0.12078480697174977
Thursday,9,BIF,0.18923508901385602
Thursday,10,BIF,0.2732363135358686
Thursday,11,BIF,0.36359889520772887
Thursday,12,BIF,0.44591705369836404
Thursday,13,BIF,0.5040028566748758
Thursday,14,BIF,0.5249999999999999
Thursday,15,BIF,0.5040028566748758
Thursday,16,BIF,0.44591705369836404
Thursday,17,BIF,0.36359889520772887
Thursday,18,BIF,0.2732363135358686
Thursday,19,BIF,0.18923508901385602
Thursday,20,BIF,0.12078480697174977
Thursday,21,BIF,0.07105102369922166
Thursday,22,BIF,0.03851906696840102
Thursday,23,BIF,0.019245472025523448
Friday,0,BIF,0.0
Friday,1,BIF,0.0
Friday,2,BIF,0.0
Friday,3,BIF,0.0
Friday,4,BIF,0.0
Friday,5,BIF,0.0
Friday,6,BIF,0.03851906696840102
Friday,7,BIF,0.07105102369922166
Friday,8,BIF,0.12078480697174977
Friday,9,BIF,0.18923508901385602
Friday,10,BIF,0.2732363135358686
Friday,11,BIF,0.36359889520772887
Friday,12,BIF,0.44591705369836404
Friday,13,BIF,0.5040028566748758
Friday,14,BIF,0.5249999999999999
Friday,15,BIF,0.5040028566748758
Friday,16,BIF,0.44591705369836404
Friday,17,BIF,0.36359889520772887
Friday,18,BIF,0.2732363135358686
Friday,19,BIF,0.18923508901385602
Friday,20,BIF,0.0
Friday,21,BIF,0.0
Friday,22,BIF,0.0
Friday,23,BIF,0.0
Saturday,0,BIF,0.0
Saturday,1,BIF,0.0
Saturday,2,BIF,0.0
Saturday,3,BIF,0.0
Saturday,4,BIF,0.0
Saturday,5,BIF,0.0
Saturday,6,BIF,0.011555720090520307
Saturday,7,BIF,0.021315307109766497
Saturday,8,BIF,0.03623544209152493
Saturday,9,BIF,0.0567705267041568
Saturday,10,BIF,0.08197089406076057
Saturday,11,BIF,0.10907966856231863
Saturday,12,BIF,0.1337751161095092
Saturday,13,BIF,0.15120085700246272
Saturday,14,BIF,0.15749999999999997
Saturday,15,BIF,0.15120085700246272
Saturday,16,BIF,0.1337751161095092
Saturday,17,BIF,0.10907966856231863
Saturday,18,BIF,0.08197089406076057
Saturday,19,BIF,0.0567705267041568
Saturday,20,BIF,0.0
Saturday,21,BIF,0.0
Saturday,22,BIF,0.0
Saturday,23,BIF,0.0
Sunday,0,BIF,0.0
Sunday,1,BIF,0.0
Sunday,2,BIF,0.0
Sunday,3,BIF,0.0
Sunday,4,BIF,0.0
Sunday,5,BIF,0.0
Sunday,6,BIF,0.0
Sunday,7,BIF,0.0
Sunday,8,BIF,0.0
Sunday,9,BIF,0.0
Sunday,10,BIF,0.08197089406076057
Sunday,11,BIF,0.10907966856231863
Sunday,12,BIF,0.1337751161095092
Sunday,13,BIF,0.15120085700246272
Sunday,14,BIF,0.15749999999999997
Sunday,15,BIF,0.15120085700246272
Sunday,16,BIF,0.1337751161095092
Sunday,17,BIF,0.10907966856231863
Sunday,18,BIF,0.08197089406076057
Sunday,19,BIF,0.0567705267041568
Sunday,20,BIF,0.03623544209152493
Sunday,21,BIF,0.021315307109766497
Sunday,22,BIF,0.011555720090520307
Sunday,23,BIF,0.0057736416076570336
Monday,0,Siebel Center for CS,4.888642075895597e-06
Monday,1,Siebel Center for CS,1.5968021088159566e-05
Monday,2,Siebel Center for CS,4.8068585543763644e-05
Monday,3,Siebel Center for CS,0.000133357970458788
Monday,4,Siebel Center for CS,0.0003409761488157548
Monday,5,Siebel Center for CS,0.0008034824854823997
Monday,6,Siebel Center for CS,0.0017449227969807929
Monday,7,Siebel Center for CS,0.02328263603423351
Monday,8,Siebel Center for CS,0.0429463965470851
Monday,9,Siebel Center for CS,0.07300770554736877
Monday,10,Siebel Center for CS,0.11438209824837521
Monday,11,Siebel Center for CS,0.16515617173723615
Monday,12,Siebel Center for CS,0.21977533221444945
Monday,13,Siebel Center for CS,0.2695320857910112
Monday,14,Siebel Center for CS,0.3046417267012583
Monday,15,Siebel Center for CS,0.31733333333333336
Monday,16,Siebel Center for CS,0.3046417267012583
Monday,17,Siebel Center for CS,0.2695320857910112
Monday,18,Siebel Center for CS,0.21977533221444945
Monday,19,Siebel Center for CS,0.16515617173723615
Monday,20,Siebel Center for CS,0.11438209824837521
Monday,21,Siebel Center for CS,0.07300770554736877
Monday,22,Siebel Center for CS,0.006441959482062764
Monday,23,Siebel Center for CS,0.0034923954051350264
Tuesday,0,Siebel Center for CS,4.888642075895597e-06
Tuesday,1,Siebel Center for CS,1.5968021088159566e-05
Tuesday,2,Siebel Center for CS,4.8068585543763644e-05
Tuesday,3,Siebel Center for CS,0.000133357970458788
Tuesday,4,Siebel Center for CS,0.0003409761488157548
Tuesday,5,Siebel Center for CS,0.0008034824854823997
Tuesday,6,Siebel Center for CS,0.0017449227969807929
Tuesday,7,Siebel Center for CS,0.02328263603423351
Tuesday,8,Siebel Center for CS,0.0429463965470851
Tuesday,9,Siebel Center for CS,0.07300770554736877
Tuesday,10,Siebel Center for CS,0.11438209824837521
Tuesday,11,Siebel Center for CS,0.16515617173723615
Tuesday,12,Siebel Center for CS,0.21977533221444945
Tuesday,13,Siebel Center for CS,0.2695320857910112
Tuesday,14,Siebel Center for CS,0.3046417267012583
Tuesday,15,Siebel Center for CS,0.31733333333333336
Tuesday,16,Siebel Center for CS,0.3046417267012583
Tuesday,17,Siebel Center for CS,0.2695320857910112
Tuesday,18,Siebel Center for CS,0.21977533221444945
Tuesday,19,Siebel Center for CS,0.16515617173723615
Tuesday,20,Siebel Center for CS,0.11438209824837521
Tuesday,21,Siebel Center for CS,0.07300770554736877
Tuesday,22,Siebel Center for CS,0.006441959482062764
Tuesday,23,Siebel Center for CS,0.0034923954051350264
Wednesday,0,Siebel Center for CS,5.751343618700702e-06
Wednesday,1,Siebel Center for CS,1.8785907162540667e-05
Wednesday,2,Siebel Center for CS,5.655127711031017e-05
Wednesday,3,Siebel Center for CS,0.00015689172995151526
Wednesday,4,Siebel Center for CS,0.00040114841037147616
Wednesday,5,Siebel Center for CS,0.000945273512332235
Wednesday,6,Siebel Center for CS,0.002052850349389168
Wednesday,7,Siebel Center for CS,0.02739133651086295
Wednesday,8,Siebel Center for CS,0.050525172408335414
Wednesday,9,Siebel Center for CS,0.08589141829102208
Wednesday,10,Siebel Center for CS,0.13456717440985316
Wednesday,11,Siebel Center for CS,0.19430137851439547
Wednesday,12,Siebel Center for CS,0.2585592143699405
Wednesday,13,Siebel Center for CS,0.3170965715188367
Wednesday,14,Siebel Center for CS,0.35840203141324506
Wednesday,15,Siebel Center for CS,0.37333333333333335
Wednesday,16,Siebel Center for CS,0.35840203141324506
Wednesday,17,Siebel Center for CS,0.3170965715188367
Wednesday,18,Siebel Center for CS,0.2585592143699405
Wednesday,19,Siebel Center for CS,0.19430137851439547
Wednesday,20,Siebel Center for CS,0.13456717440985316
Wednesday,21,Siebel Center for CS,0.08589141829102208
Wednesday,22,Siebel Center for CS,0.007578775861250312
Wednesday,23,Siebel Center for CS,0.004108700476629442
Thursday,0,Siebel Center for CS,5.751343618700702e-06
Thursday,1,Siebel Center for CS,1.8785907162540667e-05
Thursday,2,Siebel Center for CS,5.655127711031017e-05
Thursday,3,Siebel Center for CS,0.00015689172995151526
Thursday,4,Siebel Center for CS,0.00040114841037147616
Thursday,5,Siebel Center for CS,0.000945273512332235
Thursday,6,Siebel Center for CS,0.002052850349389168
Thursday,7,Siebel Center for CS,0.02739133651086295
Thursday,8,Siebel Center for CS,0.050525172408335414
Thursday,9,Siebel Center for CS,0.08589141829102208
Thursday,10,Siebel Center for CS,0.13456717440985316
Thursday,11,Siebel Center for CS,0.19430137851439547
Thursday,12,Siebel Center for CS,0.2585592143699405
Thursday,13,Siebel Center for CS,0.3170965715188367
Thursday,14,Siebel Center for CS,0.35840203141324506
Thursday,15,Siebel Center for CS,0.37333333333333335
Thursday,16,Siebel Center for CS,0.35840203141324506
Thursday,17,Siebel Center for CS,0.3170965715188367
Thursday,18,Siebel Center for CS,0.2585592143699405
Thursday,19,Siebel Center for CS,0.19430137851439547
Thursday,20,Siebel Center for CS,0.13456717440985316
Thursday,21,Siebel Center for CS,0.08589141829102208
Thursday,22,Siebel Center for CS,0.007578775861250312
Thursday,23,Siebel Center for CS,0.004108700476629442
Friday,0,Siebel Center for CS,5.751343618700702e-06
Friday,1,Siebel Center for CS,1.8785907162540667e-05
Friday,2,Siebel Center for CS,5.655127711031017e-05
Friday,3,Siebel Center for CS,0.00015689172995151526
Friday,4,Siebel Center for CS,0.00040114841037147616
Friday,5,Siebel Center for CS,0.000945273512332235
Friday,6,Siebel Center for CS,0.002052850349389168
Friday,7,Siebel Center for CS,0.02739133651086295
Friday,8,Siebel Center for CS,0.050525172408335414
Friday,9,Siebel Center for CS,0.08589141829102208
Friday,10,Siebel Center for CS,0.13456717440985316
Friday,11,Siebel Center for CS,0.19430137851439547
Friday,12,Siebel Center for CS,0.2585592143699405
Friday,13,Siebel Center for CS,0.3170965715188367
Friday,14,Siebel Center for CS,0.35840203141324506
Friday,15,Siebel Center for CS,0.37333333333333335
Friday,16,Siebel Center for CS,0.35840203141324506
Friday,17,Siebel Center for CS,0.3170965715188367
Friday,18,Siebel Center for CS,0.2585592143699405
Friday,19,Siebel Center for CS,0.19430137851439547
Friday,20,Siebel Center for CS,0.13456717440985316
Friday,21,Siebel Center for CS,0.08589141829102208
Friday,22,Siebel Center for CS,0.007578775861250312
Friday,23,Siebel Center for CS,0.004108700476629442
Saturday,0,Siebel Center for CS,2.933185245537359e-06
Saturday,1,Siebel Center for CS,9.58081265289574e-06
Saturday,2,Siebel Center for CS,2.8841151326258186e-05
Saturday,3,Siebel Center for CS,8.00147822752728e-05
Saturday,4,Siebel Center for CS,0.00020458568928945285
Saturday,5,Siebel Center for CS,0.0004820894912894398
Saturday,6,Siebel Center for CS,0.0010469536781884756
Saturday,7,Siebel Center for CS,0.013969581620540105
Saturday,8,Siebel Center for CS,0.025767837928251058
Saturday,9,Siebel Center for CS,0.043804623328421256
Saturday,10,Siebel Center for CS,0.06862925894902512
Saturday,11,Siebel Center for CS,0.09909370304234169
Saturday,12,Siebel Center for CS,0.13186519932866966
Saturday,13,Siebel Center for CS,0.1617192514746067
Saturday,14,Siebel Center for CS,0.182785036020755
Saturday,15,Siebel Center for CS,0.1904
Saturday,16,Siebel Center for CS,0.182785036020755
Saturday,17,Siebel Center for CS,0.1617192514746067
Saturday,18,Siebel Center for CS,0.13186519932866966
Saturday,19,Siebel Center for CS,0.09909370304234169
Saturday,20,Siebel Center for CS,0.06862925894902512
Saturday,21,Siebel Center for CS,0.043804623328421256
Saturday,22,Siebel Center for CS,0.0038651756892376585
Saturday,23,Siebel Center for CS,0.0020954372430810157
Sunday,0,Siebel Center for CS,2.933185245537359e-06
Sunday,1,Siebel Center for CS,9.58081265289574e-06
Sunday,2,Siebel Center for CS,2.8841151326258186e-05
Sunday,3,Siebel Center for CS,8.00147822752728e-05
Sunday,4,Siebel Center for CS,0.00020458568928945285
Sunday,5,Siebel Center for CS,0.0004820894912894398
Sunday,6,Siebel Center for CS,0.0010469536781884756
Sunday,7,Siebel Center for CS,0.013969581620540105
Sunday,8,Siebel Center for CS,0.025767837928251058
Sunday,9,Siebel Center for CS,0.043804623328421256
Sunday,10,Siebel Center for CS,0.06862925894902512
Sunday,11,Siebel Center for CS,0.09909370304234169
Sunday,12,Siebel Center for CS,0.13186519932866966
Sunday,13,Siebel Center for CS,0.1617192514746067
Sunday,14,Siebel Center for CS,0.182785036020755
Sunday,15,Siebel Center for CS,0.1904
Sunday,16,Siebel Center for CS,0.182785036020755
Sunday,17,Siebel Center for CS,0.1617192514746067
Sunday,18,Siebel Center for CS,0.13186519932866966
Sunday,19,Siebel Center for CS,0.09909370304234169
Sunday,20,Siebel Center for CS,0.06862925894902512
Sunday,21,Siebel Center for CS,0.043804623328421256
Sunday,22,Siebel Center for CS,0.0038651756892376585
Sunday,23,Siebel Center for CS,0.0020954372430810157
Monday,0,Siebel Center for Design,0.0
Monday,1,Siebel Center for Design,0.0
Monday,2,Siebel Center for Design,0.0
Monday,3,Siebel Center for Design,0.0
Monday,4,Siebel Center for Design,0.0
Monday,5,Siebel Center for Design,0.0
Monday,6,Siebel Center for Design,0.0
Monday,7,Siebel Center for Design,0.07105102369922166
Monday,8,Siebel Center for Design,0.1309099096080805
Monday,9,Siebel Center for Design,0.2158339525162734
Monday,10,Siebel Center for Design,0.3184285963491325
Monday,11,Siebel Center for Design,0.4203871365313242
Monday,12,Siebel Center for Design,0.49662872117605183
Monday,13,Siebel Center for Design,0.5249999999999999
Monday,14,Siebel Center for Design,0.49662872117605183
Monday,15,Siebel Center for Design,0.4203871365313242
Monday,16,Siebel Center for Design,0.3184285963491325
Monday,17,Siebel Center for Design,0.2158339525162734
Monday,18,Siebel Center for Design,0.1309099096080805
Monday,19,Siebel Center for Design,0.07105102369922166
Monday,20,Siebel Center for Design,0.034507477523678484
Monday,21,Siebel Center for Design,0.014996887911888947
Monday,22,Siebel Center for Design,0.00583222318257721
Monday,23,Siebel Center for Design,0.002029608073223222
Tuesday,0,Siebel Center for Design,0.0
Tuesday,1,Siebel Center for Design,0.0
Tuesday,2,Siebel Center for Design,0.0
Tuesday,3,Siebel Center for Design,0.0
Tuesday,4,Siebel Center for Design,0.0
Tuesday,5,Siebel Center for Design,0.0
Tuesday,6,Siebel Center for Design,0.0
Tuesday,7,Siebel Center for Design,0.034507477523678484
Tuesday,8,Siebel Center for Design,0.07105102369922166
Tuesday,9,Siebel Center for Design,0.1309099096080805
Tuesday,10,Siebel Center for Design,0.2158339525162734
Tuesday,11,Siebel Center for Design,0.3184285963491325
Tuesday,12,Siebel Center for Design,0.4203871365313242
Tuesday,13,Siebel Center for Design,0.49662872117605183
Tuesday,14,Siebel Center for Design,0.5249999999999999
Tuesday,15,Siebel Center for Design,0.49662872117605183
Tuesday,16,Siebel Center for Design,0.4203871365313242
Tuesday,17,Siebel Center for Design,0.3184285963491325
Tuesday,18,Siebel Center for Design,0.2158339525162734
Tuesday,19,Siebel Center for Design,0.1309099096080805
Tuesday,20,Siebel Center for Design,0.07105102369922166
Tuesday,21,Siebel Center for Design,0.034507477523678484
Tuesday,22,Siebel Center for Design,0.014996887911888947
Tuesday,23,Siebel Center for Design,0.00583222318257721
Wednesday,0,Siebel Center for Design,0.0
Wednesday,1,Siebel Center for Design,0.0
Wednesday,2,Siebel Center for Design,0.0
Wednesday,3,Siebel Center for Design,0.0
Wednesday,4,Siebel Center for Design,0.0
Wednesday,5,Siebel Center for Design,0.0
Wednesday,6,Siebel Center for Design,0.0
Wednesday,7,Siebel Center for Design,0.07105102369922166
Wednesday,8,Siebel Center for Design,0.1309099096080805
Wednesday,9,Siebel Center for Design,0.2158339525162734
Wednesday,10,Siebel Center for Design,0.3184285963491325
Wednesday,11,Siebel Center for Design,0.4203871365313242
Wednesday,12,Siebel Center for Design,0.49662872117605183
Wednesday,13,Siebel Center for Design,0.5249999999999999
Wednesday,14,Siebel Center for Design,0.49662872117605183
Wednesday,15,Siebel Center for Design,0.4203871365313242
Wednesday,16,Siebel Center for Design,0.3184285963491325
Wednesday,17,Siebel Center for Design,0.2158339525162734
Wednesday,18,Siebel Center for Design,0.1309099096080805
Wednesday,19,Siebel Center for Design,0.07105102369922166
Wednesday,20,Siebel Center for Design,0.034507477523678484
Wednesday,21,Siebel Center for Design,0.014996887911888947
Wednesday,22,Siebel Center for Design,0.00583222318257721
Wednesday,23,Siebel Center for Design,0.002029608073223222
Thursday,0,Siebel Center for Design,0.0
Thursday,1,Siebel Center for Design,0.0
Thursday,2,Siebel Center for Design,0.0
Thursday,3,Siebel Center for Design,0.0
Thursday,4,Siebel Center for Design,0.0
Thursday,5,Siebel Center for Design,0.0
Thursday,6,Siebel Center for Design,0.0
Thursday,7,Siebel Center for Design,0.034507477523678484
Thursday,8,Siebel Center for Design,0.07105102369922166
Thursday,9,Siebel Center for Design,0.1309099096080805
Thursday,10,Siebel Center for Design,0.2158339525162734
Thursday,11,Siebel Center for Design,0.3184285963491325
Thursday,12,Siebel Center for Design,0.4203871365313242
Thursday,13,Siebel Center for Design,0.49662872117605183
Thursday,14,Siebel Center for Design,0.5249999999999999
Thursday,15,Siebel Center for Design,0.49662872117605183
Thursday,16,Siebel Center for Design,0.4203871365313242
Thursday,17,Siebel Center for Design,0.3184285963491325
Thursday,18,Siebel Center for Design,0.2158339525162734
Thursday,19,Siebel Center for Design,0.1309099096080805
Thursday,20,Siebel Center for Design,0.07105102369922166
Thursday,21,Siebel Center for Design,0.034507477523678484
Thursday,22,Siebel Center for Design,0.014996887911888947
Thursday,23,Siebel Center for Design,0.00583222318257721
Friday,0,Siebel Center for Design,0.0
Friday,1,Siebel Center for Design,0.0
Friday,2,Siebel Center for Design,0.0
Friday,3,Siebel Center for Design,0.0
Friday,4,Siebel Center for Design,0.0
Friday,5,Siebel Center for Design,0.0
Friday,6,Siebel Center for Design,0.0
Friday,7,Siebel Center for Design,0.1309099096080805
Friday,8,Siebel Center for Design,0.2158339525162734
Friday,9,Siebel Center for Design,0.3184285963491325
Friday,10,Siebel Center for Design,0.4203871365313242
Friday,11,Siebel Center for Design,0.49662872117605183
Friday,12,Siebel Center for Design,0.5249999999999999
Friday,13,Siebel Center for Design,0.49662872117605183
Friday,14,Siebel Center for Design,0.4203871365313242
Friday,15,Siebel Center for Design,0.3184285963491325
Friday,16,Siebel Center for Design,0.2158339525162734
Friday,17,Siebel Center for Design,0.1309099096080805
Friday,18,Siebel Center for Design,0.07105102369922166
Friday,19,Siebel Center for Design,0.034507477523678484
Friday,20,Siebel Center for Design,0.014996887911888947
Friday,21,Siebel Center for Design,0.00583222318257721
Friday,22,Siebel Center for Design,0.002029608073223222
Friday,23,Siebel Center for Design,0.000632026497284807
Saturday,0,Siebel Center for Design,0.0
Saturday,1,Siebel Center for Design,0.0
Saturday,2,Siebel Center for Design,0.0
Saturday,3,Siebel Center for Design,0.0
Saturday,4,Siebel Center for Design,0.0
Saturday,5,Siebel Center for Design,0.0
Saturday,6,Siebel Center for Design,0.0
Saturday,7,Siebel Center for Design,0.013802991009471393
Saturday,8,Siebel Center for Design,0.028420409479688664
Saturday,9,Siebel Center for Design,0.052363963843232185
Saturday,10,Siebel Center for Design,0.08633358100650936
Saturday,11,Siebel Center for Design,0.12737143853965302
Saturday,12,Siebel Center for Design,0.1681548546125297
Saturday,13,Siebel Center for Design,0.19865148847042072
Saturday,14,Siebel Center for Design,0.21
Saturday,15,Siebel Center for Design,0.19865148847042072
Saturday,16,Siebel Center for Design,0.1681548546125297
Saturday,17,Siebel Center for Design,0.12737143853965302
Saturday,18,Siebel Center for Design,0.08633358100650936
Saturday,19,Siebel Center for Design,0.052363963843232185
Saturday,20,Siebel Center for Design,0.028420409479688664
Saturday,21,Siebel Center for Design,0.013802991009471393
Saturday,22,Siebel Center for Design,0.005998755164755579
Saturday,23,Siebel Center for Design,0.002332889273030884
Sunday,0,Siebel Center for Design,0.0
Sunday,1,Siebel Center for Design,0.0
Sunday,2,Siebel Center for Design,0.0
Sunday,3,Siebel Center for Design,0.0
Sunday,4,Siebel Center for Design,0.0
Sunday,5,Siebel Center for Design,0.0
Sunday,6,Siebel Center for Design,0.0
Sunday,7,Siebel Center for Design,0.013802991009471393
Sunday,8,Siebel Center for Design,0.028420409479688664
Sunday,9,Siebel Center for Design,0.052363963843232185
Sunday,10,Siebel Center for Design,0.08633358100650936
Sunday,11,Siebel Center for Design,0.12737143853965302
Sunday,12,Siebel Center for Design,0.1681548546125297
Sunday,13,Siebel Center for Design,0.19865148847042072
Sunday,14,Siebel Center for Design,0.21
Sunday,15,Siebel Center for Design,0.19865148847042072
Sunday,16,Siebel Center for Design,0.1681548546125297
Sunday,17,Siebel Center for Design,0.12737143853965302
Sunday,18,Siebel Center for Design,0.08633358100650936
Sunday,19,Siebel Center for Design,0.052363963843232185
Sunday,20,Siebel Center for Design,0.028420409479688664
Sunday,21,Siebel Center for Design,0.013802991009471393
Sunday,22,Siebel Center for Design,0.005998755164755579
Sunday,23,Siebel Center for Design,0.002332889273030884
